[
  {
    "directions": [
      "1. Place the stock, lentils, celery, carrot, thyme, and salt in a medium saucepan and bring to a boil. Reduce heat to low and simmer until the lentils are tender, about 30 minutes, depending on the lentils. (If they begin to dry out, add water as needed.) Remove and discard the thyme. Drain and transfer the mixture to a bowl; let cool.",
      "2. Fold in the tomato, apple, lemon juice, and olive oil. Season with the pepper.",
      "3. To assemble a wrap, place 1 lavash sheet on a clean work surface. Spread some of the lentil mixture on the end nearest you, leaving a 1-inch border. Top with several slices of turkey, then some of the lettuce. Roll up the lavash, slice crosswise, and serve. If using tortillas, spread the lentils in the center, top with the turkey and lettuce, and fold up the bottom, left side, and right side before rolling away from you."
    ],
    "fat": 7.0,
    "date": "2006-09-01T04:00:00.000Z",
    "categories": [
      "Sandwich",
      "Bean",
      "Fruit",
      "Tomato",
      "turkey",
      "Vegetable",
      "Kid-Friendly",
      "Apple",
      "Lentil",
      "Lettuce",
      "Cookie"
    ],
    "calories": 426.0,
    "desc": null,
    "protein": 30.0,
    "rating": 2.5,
    "title": "Lentil, Apple, and Turkey Wrap ",
    "ingredients": [
      "4 cups low-sodium vegetable or chicken stock",
      "1 cup dried brown lentils",
      "1/2 cup dried French green lentils",
      "2 stalks celery, chopped",
      "1 large carrot, peeled and chopped",
      "1 sprig fresh thyme",
      "1 teaspoon kosher salt",
      "1 medium tomato, cored, seeded, and diced",
      "1 small Fuji apple, cored and diced",
      "1 tablespoon freshly squeezed lemon juice",
      "2 teaspoons extra-virgin olive oil",
      "Freshly ground black pepper to taste",
      "3 sheets whole-wheat lavash, cut in half crosswise, or 6 (12-inch) flour tortillas",
      "3/4 pound turkey breast, thinly sliced",
      "1/2 head Bibb lettuce"
    ],
    "sodium": 559.0
  },
  {
    "directions": [
      "Combine first 9 ingredients in heavy medium saucepan. Add 3 shallots. Bring to simmer. Remove from heat, cover and let stand 30 minutes. Chill overnight.",
      "Preheat oven to 325\u00b0F. Line 7-cup p\u00e2t\u00e9 or bread pan with plastic wrap. Melt butter in heavy small skillet over low heat. Add remaining 5 shallots. Cover and cook until very soft, stirring occasionally, about 15 minutes. Transfer to processor. Add pork, eggs, flour and Port and puree. Strain cream mixture, pressing on solids to extract as much liquid as possible. With processor running, add cream through feed tube and process just until combined with pork. Transfer to large bowl. Mix in currants.",
      "Spoon mixture into prepared pan. Cover with foil. Place pan in large pan. Add boiling water to larger pan to within 1/2 inch of top of terrine. Bake until terrine begins to shrink from sides of pan and knife inserted into center comes out clean, about 1 1/2 hours. Uncover and cool on rack. Chill until cold. (Can be made 3 days ahead. Cover and chill.)",
      "Line platter with lettuce. Arrange terrine atop. Sprinkle with pepper and parsley. Garnish with bay leaves. Spoon confit around sides. Serve with bread.",
      "Heat oil in heavy large skillet over medium-high heat. Add onions and saut\u00e9 until crisp-tender, about 8 minutes. Add all remaining ingredients and stir until reduced to thick glaze, about 4 minutes. Season with salt and pepper. (Can be prepared 2 days ahead. Cover and chill.) Serve warm or at room temperature."
    ],
    "fat": 23.0,
    "date": "2004-08-20T04:00:00.000Z",
    "categories": [
      "Food Processor",
      "Onion",
      "Pork",
      "Bake",
      "Bastille Day",
      "New Year's Eve",
      "Dried Fruit",
      "Port",
      "Winter",
      "Chill",
      "Bon App\u00e9tit"
    ],
    "calories": 403.0,
    "desc": "This uses the same ingredients found in boudin blanc, the classic French white sausage. Start two days before serving.",
    "protein": 18.0,
    "rating": 4.375,
    "title": "Boudin Blanc Terrine with Red Onion Confit ",
    "ingredients": [
      "1 1/2 cups whipping cream",
      "2 medium onions, chopped",
      "5 teaspoons salt",
      "3 bay leaves",
      "3 whole cloves",
      "1 large garlic clove, crushed",
      "1 teaspoon pepper",
      "1/8 teaspoon ground nutmeg",
      "Pinch of dried thyme, crumbled",
      "8 large shallots, minced",
      "1 tablespoon butter",
      "1 pound trimmed boneless center pork loin, sinew removed cut into 1-inch chunks, well chilled",
      "3 eggs",
      "6 tablespoon all purpose flour",
      "1/4 cup tawny Port",
      "3 tablespoons dried currants, minced",
      "Lettuce leaves",
      "Cracked peppercorns",
      "Minced fresh parsley",
      "Bay leaves",
      "French bread baguette slices",
      "3 tablespoons olive oil",
      "2 large red onions, halved, sliced",
      "3 tablespoons dried currants",
      "3 tablespoons red wine vinegar",
      "1 tablespoons canned chicken broth",
      "2 teaspoons chopped fresh thyme or 3/4 teaspoon dried, crumbled",
      "1/2 teaspoon sugar"
    ],
    "sodium": 1439.0
  },
  {
    "directions": [
      "In a large heavy saucepan cook diced fennel and onion in butter over moderate heat, stirring, until softened, about 10 minutes. Peel and cube potatoes. Add potatoes and broth to fennel mixture and simmer, covered, until potatoes are very tender, about 20 minutes. In a blender or food processor pur\u00e9e mixture in batches until smooth and return to saucepan. Stir in milk and salt and pepper to taste and simmer soup, stirring occasionally, 10 minutes, or until heated through.",
      "Garnish soup with reserved fennel leaves."
    ],
    "fat": 7.0,
    "date": "2004-08-20T04:00:00.000Z",
    "categories": [
      "Soup/Stew",
      "Dairy",
      "Potato",
      "Vegetable",
      "Fennel",
      "Gourmet",
      "New York"
    ],
    "calories": 165.0,
    "desc": null,
    "protein": 6.0,
    "rating": 3.75,
    "title": "Potato and Fennel Soup Hodge ",
    "ingredients": [
      "1 fennel bulb (sometimes called anise), stalks discarded, bulb cut\u00a0into 1/2-inch dice, and feathery leaves reserved for garnish",
      "1 onion, diced",
      "2 tablespoons unsalted butter",
      "2 medium russet (baking) potatoes",
      "2 cups chicken broth",
      "1 1/2 cups milk"
    ],
    "sodium": 165.0
  },
  {
    "directions": [
      "Heat oil in heavy large skillet over medium-high heat. Add onion; saut\u00e9 until translucent and beginning to brown, about 4 minutes. Add wine and anchovy paste. Boil until reduced to 3/4 cup, about 3 minutes. Add tomatoes with juice; bring to boil.",
      "Sprinkle fish with salt and pepper. Add fish to skillet atop tomato mixture. Reduce heat to low, cover, and simmer until fish is cooked through, about 9 minutes. Using slotted metal spatula, transfer fish to plate and tent with foil to keep warm. Mix olives, 2 teaspoons oregano, and orange peel into sauce in skillet. Increase heat to high and boil until sauce is reduced and thickened, about 6 minutes. Season to taste with salt and pepper. Place 1 fish fillet on each of 4 plates. Pour sauce over and around fish, sprinkle with remaining 1 teaspoon oregano, and serve with warm toasted bread."
    ],
    "fat": null,
    "date": "2009-03-27T04:00:00.000Z",
    "categories": [
      "Fish",
      "Olive",
      "Tomato",
      "Saut\u00e9",
      "Low Fat",
      "Low Cal",
      "High Fiber",
      "Dinner",
      "Healthy",
      "Simmer",
      "Bon App\u00e9tit",
      "Pescatarian",
      "Dairy Free",
      "Peanut Free",
      "Tree Nut Free",
      "Soy Free",
      "Kosher"
    ],
    "calories": null,
    "desc": "The Sicilian-style tomato sauce has tons of Mediterranean flavor, thanks to the orange peel, olives, and oregano.",
    "protein": null,
    "rating": 5.0,
    "title": "Mahi-Mahi in Tomato Olive Sauce ",
    "ingredients": [
      "2 tablespoons extra-virgin olive oil",
      "1 cup chopped onion",
      "1 cup dry white wine",
      "1 teaspoon anchovy paste",
      "2 14 1/2-ounce cans diced tomatoes with garlic, basil, and oregano in juice",
      "4 6-ounce mahi-mahi fillets",
      "1/2 cup large green olives, quartered, pitted",
      "3 teaspoons chopped fresh oregano, divided",
      "1 teaspoon (packed) finely grated orange peel",
      "Country-style white bread cut into 1/2-inch-thick slices, toasted"
    ],
    "sodium": null
  },
  {
    "directions": [
      "Preheat oven to 350\u00b0F. Lightly grease 8x8x2-inch glass baking dish. Blend spinach, noodles, sour cream, pesto sauce and nutmeg in large bowl. Spoon mixture into prepared dish. Sprinkle cheese over. Bake until set, about 45 minutes. Let stand 10 minutes."
    ],
    "fat": 32.0,
    "date": "2004-08-20T04:00:00.000Z",
    "categories": [
      "Cheese",
      "Dairy",
      "Pasta",
      "Vegetable",
      "Side",
      "Bake",
      "Vegetarian",
      "Quick & Easy",
      "Fall",
      "Bon App\u00e9tit",
      "California"
    ],
    "calories": 547.0,
    "desc": null,
    "protein": 20.0,
    "rating": 3.125,
    "title": "Spinach Noodle Casserole ",
    "ingredients": [
      "1 12-ounce package frozen spinach souffl\u00e9, thawed",
      "1/2 pound extra-wide egg noodles, freshly cooked",
      "1 cup sour cream",
      "2 tablespoons purchased pesto sauce",
      "1/4 teaspoon ground nutmeg",
      "1 cup grated sharp cheddar cheese"
    ],
    "sodium": 452.0
  },
  {
    "directions": [
      "Mix basil, mayonnaise and butter in processor until basil is finely chopped and mixture is well blended. Season to taste with salt and pepper. (Can be made 1 day ahead. Cover and refrigerate.)",
      "Cook bacon in heavy large skillet over medium-high heat until crisp, about 8 minutes. Transfer to paper towels; drain.",
      "Spread half of mayonnaise mixture over 1 side of 6 bread slices. Top each with 2 tomato slices. Sprinkle tomatoes with salt and pepper. Top tomato slices with avocado, then with bacon strips, onion and lettuce. Spread remaining mayonnaise mixture over remaining 6 bread slices. Place bread slices atop lettuce. Cut sandwiches in half and serve."
    ],
    "fat": 79.0,
    "date": "2004-08-20T04:00:00.000Z",
    "categories": [
      "Sandwich",
      "Food Processor",
      "Tomato",
      "Kid-Friendly",
      "Quick & Easy",
      "Basil",
      "Bacon",
      "Summer",
      "Lettuce",
      "Bon App\u00e9tit"
    ],
    "calories": 948.0,
    "desc": "This recipe can be prepared in 45 minutes or less.",
    "protein": 19.0,
    "rating": 4.375,
    "title": "The Best Blts ",
    "ingredients": [
      "2 1/2 cups (lightly packed) fresh basil leaves",
      "1 cup mayonnaise",
      "1/4 cup butter, room temperature",
      "12 thick-sliced bacon strips (about 1 pound)",
      "12 1/2-inch-thick slices fresh country-style white bread",
      "3 large tomatoes, cut into 1/4-inch-thick rounds",
      "2 ripe avocados, pitted, peeled, sliced",
      "1 red onion, thinly sliced",
      "6 lettuce leaves"
    ],
    "sodium": 1042.0
  },
  {
    "directions": [
      "Cook potatoes and carrots in large pot of boiling salted water until almost tender, about 7 minutes. Add asparagus and peas; cook until vegetables are just tender, about 3 minutes longer. Drain. Rinse with cold water; drain. Transfer to large bowl. (Can be prepared 1 day ahead. Cover; chill.)",
      "Add ham to vegetables. Add Shallot Vinaigrette to salad and toss to coat. Season to taste with salt and pepper.",
      "Line bowl with spinach. Top with salad and serve."
    ],
    "fat": null,
    "date": "2004-08-20T04:00:00.000Z",
    "categories": [
      "Salad",
      "Potato",
      "Side",
      "Easter",
      "Low Fat",
      "Quick & Easy",
      "Ham",
      "Asparagus",
      "Spinach",
      "Carrot",
      "Spring",
      "Healthy",
      "Sugar Snap Pea",
      "Boil",
      "Bon App\u00e9tit",
      "Dairy Free",
      "Wheat/Gluten-Free",
      "Peanut Free",
      "Tree Nut Free",
      "Soy Free",
      "No Sugar Added"
    ],
    "calories": null,
    "desc": "Serve this newfangled main-course salad with a crisp flatbread, such as lavash, and white wine or ros\u00e9 spritzers.",
    "protein": null,
    "rating": 4.375,
    "title": "Ham and Spring Vegetable Salad with Shallot Vinaigrette ",
    "ingredients": [
      "1 1/2 pounds small red-skinned potatoes, each cut into 8 wedges",
      "1 1/2 pounds baby carrots, peeled, cut lengthwise in half",
      "1 1/2 pounds asparagus, trimmed, cut into 2-inch pieces",
      "6 ounces sugar snap peas, trimmed",
      "18 ounces low-fat (97% fat-free) smoked ham, cut into 1/4-inch-thick slices, then into 2-inch-long by 1/2-inch-wide pieces",
      "Shallot Vinaigrette",
      "1 6-ounce package fresh baby spinach"
    ],
    "sodium": null
  },
  {
    "directions": [
      "Stir together sugar and chili powder. Whisk egg whites with water until dissolved. Working with 1 kumquat at a time, dip 1 side in whites, letting excess drip off, then dip in sugar mixture. Transfer to a rack to dry, coated side up."
    ],
    "fat": null,
    "date": "2004-08-20T04:00:00.000Z",
    "categories": [
      "Egg",
      "Fruit",
      "No-Cook",
      "Cocktail Party",
      "Vegetarian",
      "Winter",
      "Kumquat",
      "Gourmet"
    ],
    "calories": null,
    "desc": "Pop one of these in your mouth for a burst of bittersweet flavor.",
    "protein": null,
    "rating": 3.75,
    "title": "Spicy-Sweet Kumquats ",
    "ingredients": [
      "6 tablespoons granulated sugar",
      "1 1/2 tablespoons chili powder",
      "4 teaspoons powdered egg whites (see Cooks' notes)",
      "1/4 cup warm water",
      "60 kumquats (preferably thin-skinned)"
    ],
    "sodium": null
  },
  {
    "directions": [
      "Stir together soy sauce, sugar, sesame oil, white and pale green scallions, garlic, ginger, and 2 tablespoons sesame seeds in a bowl until sugar is dissolved. Add steak and toss to coat, then marinate 15 minutes.",
      "Heat vegetable oil in a 12-inch heavy skillet over high heat until just smoking, then add steak in 1 layer and saut\u00e9, turning over occasionally, until browned and just cooked through, about 5 minutes total. Transfer to a platter and sprinkle with scallion greens and remaining 1 tablespoon sesame seeds, then serve with accompaniments.",
      "*Available at Asian markets and many supermarkets."
    ],
    "fat": 10.0,
    "date": "2004-08-20T04:00:00.000Z",
    "categories": [
      "Beef",
      "Ginger",
      "Saut\u00e9",
      "Stir-Fry",
      "Quick & Easy",
      "Spring",
      "Soy Sauce",
      "Gourmet"
    ],
    "calories": 170.0,
    "desc": "Bulgogi",
    "protein": 7.0,
    "rating": 4.375,
    "title": "Korean Marinated Beef ",
    "ingredients": [
      "1/4 cup soy sauce",
      "1 tablespoon sugar",
      "2 teaspoons Asian sesame oil",
      "1 bunch scallions (white and pale green parts separated from greens), minced (1/2 cup)",
      "1 tablespoon minced garlic",
      "1 tablespoon minced peeled fresh ginger",
      "3 tablespoons sesame seeds, toasted",
      "1 lb flank steak, cut across the grain into very thin slices (no more than 1/8 inch thick)",
      "1 tablespoon vegetable oil",
      "Accompaniments: butter lettuce or other soft-leaf lettuce; thinly sliced garlic; packaged kimchi*; steamed white rice"
    ],
    "sodium": 1272.0
  },
  {
    "directions": [
      "Chop enough parsley leaves to measure 1 tablespoon; reserve. Chop remaining leaves and stems and simmer with broth and garlic in a small saucepan, covered, 5 minutes.",
      "Meanwhile, sprinkle gelatin over water in a medium bowl and let soften 1 minute. Strain broth through a fine-mesh sieve into bowl with gelatin and stir to dissolve. Season with salt and pepper. Set bowl in an ice bath and cool to room temperature, stirring.",
      "Toss ham with reserved parsley and divide among jars. Pour gelatin on top and chill until set, at least 1 hour.",
      "Whisk together mayonnaise, mustard, vinegar, 1/4 teaspoon salt, and 1/4 teaspoon pepper in a large bowl. Stir in celery, cornichons, and potatoes.",
      "Pulse peas with marjoram, oil, 1/2 teaspoon pepper, and 1/4 teaspoon salt in a food processor to a coarse mash.",
      "Layer peas, then potato salad, over ham."
    ],
    "fat": 41.0,
    "date": "2008-10-23T22:24:26.000Z",
    "categories": [
      "Salad",
      "Mustard",
      "Potato",
      "Picnic",
      "Lunch",
      "Mayonnaise",
      "Ham",
      "Pea",
      "Summer",
      "Gourmet",
      "Sugar Conscious",
      "Dairy Free",
      "Wheat/Gluten-Free",
      "Peanut Free",
      "Tree Nut Free",
      "Soy Free"
    ],
    "calories": 602.0,
    "desc": "Transform your picnic into un pique-nique to remember with this elegant arrangement of tangy potato salad, peas gently mashed with marjoram, and salty ham softly set in parsleyed gelatin.",
    "protein": 23.0,
    "rating": 3.75,
    "title": "Ham Persillade with Mustard Potato Salad and Mashed Peas ",
    "ingredients": [
      "6 long parsley sprigs, divided",
      "1 3/4 cups reduced-sodium chicken broth",
      "1 large garlic clove, minced",
      "2 teaspoon unflavored gelatin (from 1 envelope)",
      "3 tablespoons water",
      "1 (3/4-pound) piece baked ham, cut into 1/2-inch cubes (2 cups)",
      "1/2 cup mayonnaise",
      "2 tablespoons Dijon mustard",
      "2 tablespoons white-wine vinegar",
      "2 celery ribs, finely chopped (1 cup)",
      "1/4 cup chopped cornichons or sour gherkins",
      "1 pound boiled potatoes, peeled and cut into 1/2-inch cubes (2 1/2 cups)",
      "1 (10-ounce) box frozen baby peas, thawed",
      "2 teaspoons finely chopped marjoram",
      "3 tablespoons extra-virgin olive oil",
      "Equipment: 4 (16-ounce) wide jars or containers with lids",
      "Garnish: celery leaves"
    ],
    "sodium": 1696.0
  },
  {
    "directions": [
      "Heat oil in heavy large skillet over medium-high heat. Add shallots and minced rosemary and saut\u00e9 until tender, about 3 minutes. Add yams and broth to skillet and bring to boil. Cover skillet, reduce heat to medium-low and simmer until yams are almost tender, about 10 minutes. Add cream and sprinkle lightly with nutmeg. Simmer uncovered until yams are very tender and liquid thickens and coats yams, about 4 minutes. Season with salt and pepper. (Can be made 1 day ahead. Transfer to microwave-safe dish. Chill until cold, then cover and keep chilled. Rewarm, covered, in microwave on medium-low heat.)"
    ],
    "fat": 5.0,
    "date": "2004-08-20T04:00:00.000Z",
    "categories": [
      "Milk/Cream",
      "Dairy",
      "Side",
      "Thanksgiving",
      "Rosemary",
      "Sweet Potato/Yam",
      "Fall",
      "Nutmeg",
      "Simmer",
      "Bon App\u00e9tit"
    ],
    "calories": 256.0,
    "desc": "Simmering the yams fills them with flavor and yields a lovely coating.",
    "protein": 4.0,
    "rating": 3.75,
    "title": "Yams Braised with Cream, Rosemary and Nutmeg ",
    "ingredients": [
      "4 teaspoons olive oil",
      "1/2 cup finely chopped shallots",
      "2 1/2 teaspoons minced fresh rosemary",
      "3 pounds yams (red-skinned sweet potatoes), peeled, cut into 1/2-inch-thick rounds, rounds cut in half",
      "1 1/4 cups canned low-salt chicken broth",
      "1/2 cup whipping cream",
      "Ground nutmeg"
    ],
    "sodium": 30.0
  },
  {
    "directions": [
      "Preheat oven to 300\u00b0F.",
      "Wrap blacan tightly in a piece of foil and roast in middle of oven 10 minutes. Unwrap and cool. Discard tough outer leaves of lemongrass and trim root ends. Thinly slice lower 6 inches of stalks. Fold upper stalks into thirds and tie into a bundle with kitchen string. In 2 batches, pur\u00e9e blacan, sliced lemongrass, and remaining spice paste ingredients in a mini food processor until almost smooth.",
      "Soak bean-curd puffs in hot water in a bowl, weighted with another bowl of water to keep puffs immersed, 20 minutes. Squeeze as much water as possible from puffs and halve diagonally. While puffs soak, simmer chicken in stock in a saucepan, turning occasionally, until just cooked through, 12 to 15 minutes, and cool chicken in a bowl. Pour stock through a fine sieve into another bowl. Discard chicken skin and bones and shred or slice chicken. Blanch bean sprouts in a pot of boiling water 15 seconds and drain well.",
      "Heat oil in a 6- to 7-quart heavy pot over moderate heat until hot but not smoking and stir in spice paste. (Oil should be hot enough for spice paste to sizzle when added.) Cook, stirring constantly, until spice paste begins to stick to bottom of pot, 8 to 10 minutes. (Oil will separate out, and mixture will appear curdled. Paste will reduce and turn a shade darker; do not let brown.) Add coconut milk, sugar, stock, and lemongrass bundle and bring to a simmer, stirring. Stir in puffs and gently simmer 20 minutes. Stir in shrimp and simmer until just cooked through, 1 to 2 minutes. Stir in chicken and salt to taste.",
      "While laksa simmers, bring a large pot of water to a boil for noodles. If using fresh noodles, cook 1 minute and drain well, rinsing briefly under water if sticking occurs. If using dried noodles, cook according to package directions. Divide noodles, bean sprouts, shrimp, chicken, and puffs among 4 deep bowls and ladle laksa broth over."
    ],
    "fat": null,
    "date": "2004-08-20T04:00:00.000Z",
    "categories": [
      "Soup/Stew",
      "Chicken",
      "Garlic",
      "Ginger",
      "Pepper",
      "Breakfast",
      "Coconut",
      "Shrimp",
      "Spring",
      "Lemongrass",
      "Gourmet",
      "Dairy Free",
      "Peanut Free"
    ],
    "calories": null,
    "desc": "(Tony Tan's Laksa Lemak)",
    "protein": null,
    "rating": 4.375,
    "title": "Spicy Noodle Soup ",
    "ingredients": [
      "11/2 teaspoons blacan (shrimp paste)",
      "2 thick or 3 thin stalks fresh lemongrass",
      "11/2 tablespoons chopped peeled fresh or frozen galangal",
      "1 tablespoon chopped peeled fresh ginger",
      "1 tablespoon chopped peeled fresh or frozen turmeric or 1 teaspoon turmeric powder",
      "1 medium onion, chopped",
      "6 fresh hot red chiles (such as Thai or serrano), seeded if desired and chopped",
      "2 garlic cloves, chopped",
      "5 candlenuts (do not eat raw) or macadamia nuts, chopped",
      "2 tablespoons water",
      "6 fried bean-curd puffs",
      "2 chicken breast halves with skin and bones",
      "31/2 cups chicken stock (preferably homemade)",
      "6 oz fresh bean sprouts (21/2 cups), threadlike tails discarded",
      "1/2 cup olive or vegetable oil",
      "14-oz can well-shaken unsweetened coconut milk",
      "1 tablespoon sugar",
      "1/2 lb medium shrimp, shelled and deveined",
      "1 lb fresh round (not flat) rice noodles or wheat noodles or 1/2 lb dried egg noodles",
      "Garnish: fresh cilantro sprigs"
    ],
    "sodium": null
  },
  {
    "directions": [
      "Preheat oven to 350\u00b0F. Coat cake pans with nonstick spray. Line bottom of pans with parchment; coat paper. Whisk flour, baking soda, and salt in a medium bowl. Using an electric mixer, beat sugar, butter, and brown sugar in a large bowl until light and fluffy, about 3 minutes. Add eggs one at a time, beating to blend between additions and occasionally scraping down sides and bottom of bowl. Beat in vanilla.",
      "Add dry ingredients; beat on low speed just to blend. Add bananas and sour cream; beat just to blend. Fold in mini chips. Divide batter evenly among pans; smooth tops.",
      "Bake cakes until a tester inserted into the center comes out clean, about 35 minutes. Transfer to wire racks; let cool in pans for 10 minutes. Invert cakes onto racks; peel off parchment and let cool completely.",
      "Using an electric mixer, beat first 4 ingredients in a medium bowl until a light and fluffy frosting forms, 2-3 minutes.",
      "Place 1 cake on a platter. Spread 1 1/4 cups frosting over. Place remaining cake on top. Cover top and sides of cake with remaining frosting. Garnish with chocolate chips and kisses. DO AHEAD: Cake can be made 2 days ahead. Cover and chill. Let stand at room temperature for 1 hour before serving."
    ],
    "fat": 48.0,
    "date": "2012-09-18T04:00:00.000Z",
    "categories": [
      "Cake",
      "Chocolate",
      "Fruit",
      "Dessert",
      "Bake",
      "Kid-Friendly",
      "Tropical Fruit",
      "Banana",
      "Party",
      "Peanut Butter",
      "Bon App\u00e9tit",
      "Birthday",
      "Vegetarian",
      "Pescatarian",
      "Tree Nut Free",
      "Soy Free",
      "Kosher"
    ],
    "calories": 766.0,
    "desc": "This cake is perfect for beginners\u2014it's moist, forgiving, and easy. Jif creamy peanut butter is our favorite for the decadent frosting.",
    "protein": 12.0,
    "rating": 4.375,
    "title": "Banana-Chocolate Chip Cake With Peanut Butter Frosting ",
    "ingredients": [
      "Nonstick vegetable oil spray",
      "3 cups all-purpose flour",
      "2 teaspoons baking soda",
      "2 teaspoons kosher salt",
      "1 1/2 cups sugar",
      "1 cup (2 sticks) unsalted butter, room temperature",
      "1/2 cup (packed) light brown sugar",
      "3 large eggs",
      "1 1/2 teaspoons vanilla extract",
      "2 cups mashed very ripe bananas",
      "1 cup sour cream",
      "1 10-ounce bag mini chocolate chips",
      "2 cups creamy peanut butter",
      "1 1/2 cups powdered sugar",
      "1 cup (2 sticks) unsalted butter, room temperature",
      "2 1/2 teaspoons vanilla extract",
      "Chocolate chips, mini chocolate chips, and chocolate kisses",
      "Two 8x8x2\" cake pans"
    ],
    "sodium": 439.0
  },
  {
    "directions": [
      "Sprinkle steaks with salt and pepper. Heat oil in large skillet over medium-high heat. Add steaks; cook to desired doneness, about 5 minutes per side for medium-rare. Transfer steaks to platter. Add 2 tablespoons parsley and garlic to skillet; stir 30 seconds. Add broth, then brandy. Boil until juices are reduced to glaze, about 6 minutes. Spoon glaze over steaks. Sprinkle with remaining 1 tablespoon parsley."
    ],
    "fat": 12.0,
    "date": "2004-08-20T04:00:00.000Z",
    "categories": [
      "Garlic",
      "Saut\u00e9",
      "Low Carb",
      "Quick & Easy",
      "Wheat/Gluten-Free",
      "Father's Day",
      "Beef Tenderloin",
      "Brandy",
      "Bon App\u00e9tit",
      "Massachusetts"
    ],
    "calories": 174.0,
    "desc": "This recipe can be prepared in 45 minutes or less.",
    "protein": 11.0,
    "rating": 4.375,
    "title": "Beef Tenderloin with Garlic and Brandy ",
    "ingredients": [
      "4 6- to 7-ounce beef tenderloin steaks (each about 1 inch thick)",
      "1 tablespoon olive oil",
      "3 tablespoons chopped fresh parsley",
      "3 large garlic cloves, chopped",
      "2/3 cup canned beef broth",
      "2 tablespoons brandy"
    ],
    "sodium": 176.0
  },
  {
    "directions": [
      "Using the tip of a paring knife, score an X in the bottom of peach. Cook in a small saucepan of boiling water just until skin begins to peel back where cut, about 30 seconds. Transfer to a bowl of ice water; let cool. Peel and coarsely chop.",
      "Bring peach, sugar, vinegar, 1/2 teaspoon salt, and 2 tablespoons water to a boil in a small saucepan. Reduce heat and simmer, stirring occasionally, until peach is very soft and mixture thickens slightly, 5\u20138 minutes. Pulse in a blender until chunky (do not pur\u00e9e). Transfer to a medium bowl; let cool.",
      "Mix in Dijon and whole grain mustards and chives; season with salt and pepper."
    ],
    "fat": 3.0,
    "date": "2014-06-17T04:00:00.000Z",
    "categories": ["Sauce", "Mustard", "Peach", "Chive", "Bon App\u00e9tit"],
    "calories": 134.0,
    "desc": "Where a chutney and mustard sauce overlap. Choose a very ripe\u2013 even bruised\u2013peach for easy peeling.",
    "protein": 4.0,
    "rating": 3.125,
    "title": "Peach Mustard ",
    "ingredients": [
      "1 large ripe peach",
      "2 tablespoons sugar",
      "1 teaspoon apple cider vinegar",
      "1/2 teaspoon kosher salt, plus more",
      "1/3 cup Dijon mustard",
      "1/3 cup whole grain mustard",
      "1 tablespoon finely chopped fresh chives",
      "Freshly ground black pepper"
    ],
    "sodium": 1394.0
  },
  {
    "directions": [
      "Pur\u00e9e vegetable juice, spinach, and escarole (if using) in a blender until smooth. Add remaining ingredients and pulse to combine, leaving some texture.",
      "Chill soup, covered, until cold, about 1 hour."
    ],
    "fat": 31.0,
    "date": "2004-08-20T04:00:00.000Z",
    "categories": [
      "Soup/Stew",
      "Garlic",
      "Onion",
      "No-Cook",
      "Vegetarian",
      "Spinach",
      "Winter",
      "Chill",
      "Healthy",
      "Escarole",
      "Gourmet"
    ],
    "calories": 382.0,
    "desc": "This uncooked soup isn't for the timid \u2014 raw garlic, ginger, and shallot impart strong flavors. Unless you can get freshly made vegetable juice from your local juice bar, you will need an electric juicer to make the tomato or carrot juice.",
    "protein": 5.0,
    "rating": 4.375,
    "title": "Raw Cream of Spinach Soup ",
    "ingredients": [
      "2 cups fresh tomato and/or carrot juice (from about 1 lb vegetables)",
      "2 cups chopped spinach leaves",
      "2 tablespoons chopped escarole leaves (optional)",
      "1/2 medium California avocado, pitted and peeled",
      "1/2 cup olive oil",
      "1/3 cup packed fresh cilantro",
      "1/4 cup Nama Shoyu* (unpasteurized soy sauce) or 1 1/2 teaspoons sea salt (preferably Celtic)",
      "1/4 cup finely chopped shallot",
      "2 tablespoons chopped scallion",
      "2 tablespoons minced garlic",
      "2 tablespoons dry white wine",
      "1 tablespoon fresh lime juice",
      "1 tablespoon chopped fresh mint",
      "1 teaspoon minced fresh jalape\u00f1o, including seeds",
      "1 teaspoon minced peeled fresh ginger",
      "Garnish: 1 small portabella mushroom cap, halved and thinly sliced"
    ],
    "sodium": 977.0
  },
  {
    "directions": [
      "Butter and sugar six 2/3-to 3/4-cup ramekins. Bring 1 cup water and next 5 ingredients just to boil in medium saucepan, stirring occasionally. Gradually whisk in cornmeal. Reduce heat to low; stir until mixture is thick and creamy, about 2 minutes. Remove from heat. Stir in yolks.",
      "Beat egg whites and cream of tartar in medium bowl until soft peaks form. Stir 1/3 of whites into cornmeal mixture. Fold in remaining whites in 2 additions. Divide among ramekins. Place on rimmed baking sheet. DO AHEAD: Can be made 1 day ahead. Cover; chill.",
      "Preheat oven to 375\u00b0F. Bake spoon breads until almost set in center, about 22 minutes (26 minutes if chilled). Serve immediately with strawberry preserves."
    ],
    "fat": 5.0,
    "date": "2008-12-04T04:00:00.000Z",
    "categories": [
      "Bread",
      "Milk/Cream",
      "Breakfast",
      "Brunch",
      "Dessert",
      "Bake",
      "Christmas",
      "Mother's Day",
      "New Year's Day",
      "Honey",
      "Jam or Jelly",
      "Bon App\u00e9tit",
      "Kidney Friendly",
      "Vegetarian",
      "Pescatarian",
      "Wheat/Gluten-Free",
      "Peanut Free",
      "Tree Nut Free",
      "Soy Free",
      "Kosher"
    ],
    "calories": 146.0,
    "desc": "Classic spoon bread is a savory pudding served as a side dish. In this dessert version, the slightly sweetened batter is baked in individual ramekins, then topped with strawberry preserves.",
    "protein": 4.0,
    "rating": 1.875,
    "title": "Sweet Buttermilk Spoon Breads ",
    "ingredients": [
      "1 cup water",
      "2/3 cup buttermilk",
      "1/3 cup heavy whipping cream",
      "2 tablespoons plus 2 teaspoons sugar",
      "1/2 teaspoon honey",
      "1/4 teaspoon (scant) coarse kosher salt",
      "2/3 cup white cornmeal (not white grits)",
      "2 large eggs, separated",
      "Pinch of cream of tartar",
      "Strawberry preserves"
    ],
    "sodium": 160.0
  },
  {
    "directions": [
      "Put oven rack in lower third of oven and preheat oven to 350\u00b0F.",
      "Pat pork dry and sprinkle all over with salt. Heat olive oil in pot over moderately high heat until hot but not smoking, then brown pork on all sides, about 10 minutes total. Transfer to a plate. Add carrots, celery, and onion to pot and cook, stirring occasionally, until browned, about 10 minutes. Return pork to pot, along with bay leaves, spices, and water, and bring to a simmer. Cover pot with lid, then transfer to oven and braise, turning pork over once, until center is tender but not falling apart when pierced with a paring knife, 2 1/2 to 3 hours.",
      "Transfer pork to a cutting board and keep warm, loosely covered with foil. Pour braising liquid through a sieve into a bowl, discarding solids. Skim off fat and keep liquid warm, covered.",
      "Cut meat across the grain into 6 slices (each slice may break into 2 or 3 smaller pieces, depending on part of shoulder you have; discard string if necessary). Heat vegetable oil in a 12-inch heavy nonstick skillet over moderately high heat until hot but not smoking, then sear pork slices in 2 batches, turning over once, about 3 minutes per batch. Transfer to plates as browned and spoon some braising liquid over pork. Serve with remaining braising liquid."
    ],
    "fat": 68.0,
    "date": "2007-02-14T21:13:14.000Z",
    "categories": [
      "Onion",
      "Pork",
      "Vegetable",
      "Braise",
      "Saut\u00e9",
      "Gourmet"
    ],
    "calories": 890.0,
    "desc": "Pork all over Denmark is hauntingly tender. Ruggiero was particularly taken with the pork belly she tasted at the restaurant Gammel M\u00f8nt\u2014crisp, but succulent and rich. To re-create these qualities, Ruggiero devised a version that requires minimal effort but promises stunning results: Pork shoulder is braised first, until it's super tender, and then flash-seared for a golden crust. The aroma alone will convince you that this unorthodox technique is entirely worthwhile.",
    "protein": 59.0,
    "rating": 4.375,
    "title": "Crisp Braised Pork Shoulder ",
    "ingredients": [
      "1 (4 1/2-lb) solid piece boneless pork shoulder (not lean; from picnic side)",
      "2 teaspoons salt",
      "1 tablespoon olive oil",
      "2 carrots, cut into 2-inch pieces",
      "2 celery ribs, cut into 2-inch pieces",
      "1 onion, cut into 2-inch pieces",
      "2 Turkish bay leaves or 1 California",
      "1/2 teaspoon black peppercorns",
      "1/2 teaspoon juniper berries",
      "1/2 teaspoon mustard seeds",
      "1/2 teaspoon coriander seeds",
      "1/4 teaspoon cumin seeds",
      "3 cups water",
      "2 tablespoons vegetable oil",
      "Special equipment: a wide 5- to 6-qt heavy pot with a tight-fitting lid"
    ],
    "sodium": 1027.0
  }
]
